gender,speaker,phoneme,phoneme_in_ascii,F0,F1,F2,F3
1,1,1,IY,160.0,240.0,2280.0,2850.0
1,1,1,IY,186.0,280.0,2400.0,2790.0
1,1,2,IH,203.0,390.0,2030.0,2640.0
1,1,2,IH,192.0,310.0,1980.0,2550.0
1,1,3,EH,161.0,490.0,1870.0,2420.0
1,1,4,AE,180.0,630.0,1700.0,2550.0
1,1,5,AH,144.0,590.0,1250.0,2620.0
1,1,5,AH,148.0,620.0,1300.0,2530.0
1,1,6,AA,148.0,740.0,1070.0,2490.0
1,1,6,AA,170.0,800.0,1060.0,2640.0
1,1,8,UH,163.0,440.0,1120.0,2210.0
1,1,8,UH,190.0,400.0,1070.0,2280.0
1,1,9,UW,160.0,240.0,1040.0,2150.0
1,1,9,UW,157.0,270.0,930.0,2280.0
1,1,10,ER,177.0,370.0,1520.0,1670.0
1,1,10,ER,164.0,460.0,1330.0,1590.0
1,2,1,IY,147.0,220.0,2220.0,2910.0
1,2,1,IY,148.0,210.0,2360.0,3250.0
1,2,2,IH,141.0,410.0,1890.0,2680.0
1,2,2,IH,139.0,420.0,1850.0,2500.0
1,2,3,EH,136.0,500.0,1760.0,2590.0
1,2,4,AE,128.0,690.0,1610.0,2560.0
1,2,4,AE,131.0,700.0,1690.0,2580.0
1,2,6,AA,140.0,650.0,1040.0,2450.0
1,2,6,AA,136.0,670.0,1100.0,2430.0
1,2,7,AO,149.0,580.0,580.0,2470.0
1,2,7,AO,140.0,560.0,560.0,2410.0
1,2,8,UH,145.0,450.0,940.0,1910.0
1,2,8,UH,141.0,410.0,830.0,2240.0
1,2,9,UW,140.0,280.0,650.0,3300.0
1,2,9,UW,137.0,260.0,660.0,3300.0
1,2,10,ER,145.0,510.0,1210.0,1570.0
1,2,10,ER,145.0,510.0,1130.0,1510.0
1,3,1,IY,105.0,250.0,2180.0,2680.0
1,3,1,IY,111.0,244.0,2300.0,2780.0
1,3,2,IH,100.0,400.0,1930.0,2610.0
1,3,2,IH,104.0,400.0,1990.0,2700.0
1,3,3,EH,100.0,550.0,1810.0,2500.0
1,3,3,EH,95.0,540.0,1810.0,2480.0
1,3,4,AE,93.0,630.0,1710.0,2400.0
1,3,4,AE,94.0,658.0,1755.0,2305.0
1,3,5,AH,105.0,612.0,1160.0,2350.0
1,3,6,AA,91.0,640.0,1080.0,2140.0
1,3,6,AA,94.0,720.0,1090.0,2230.0
1,3,7,AO,92.0,550.0,870.0,2300.0
1,3,7,AO,120.0,540.0,840.0,2280.0
1,3,8,UH,114.0,460.0,1150.0,2290.0
1,3,8,UH,114.0,456.0,1030.0,2300.0
1,3,9,UW,112.0,340.0,950.0,2240.0
1,3,10,ER,100.0,500.0,1370.0,1780.0
1,3,10,ER,106.0,530.0,1330.0,1800.0
1,4,1,IY,150.0,300.0,2240.0,3400.0
1,4,1,IY,156.0,280.0,2450.0,3200.0
1,4,2,IH,146.0,440.0,2050.0,2360.0
1,4,3,EH,130.0,570.0,1780.0,2410.0
1,4,3,EH,150.0,555.0,1890.0,2440.0
1,4,4,AE,125.0,750.0,1610.0,2340.0
1,4,4,AE,136.0,770.0,1580.0,2350.0
1,4,5,AH,132.0,660.0,1200.0,2330.0
1,4,6,AA,125.0,750.0,1100.0,2550.0
1,4,6,AA,138.0,800.0,1120.0,2500.0
1,4,7,AO,143.0,540.0,850.0,2320.0
1,4,7,AO,150.0,555.0,890.0,2370.0
1,4,8,UH,136.0,460.0,960.0,2210.0
1,4,8,UH,156.0,460.0,1000.0,2350.0
1,4,9,UW,140.0,380.0,950.0,2050.0
1,4,9,UW,148.0,385.0,850.0,2330.0
1,4,10,ER,150.0,590.0,1400.0,1840.0
1,4,10,ER,145.0,555.0,1430.0,1730.0
1,5,1,IY,140.0,310.0,2310.0,2820.0
1,5,1,IY,131.0,260.0,2250.0,2850.0
1,5,2,IH,137.0,440.0,2060.0,2640.0
1,5,2,IH,134.0,430.0,1880.0,2450.0
1,5,3,EH,140.0,580.0,1910.0,2500.0
1,5,3,EH,137.0,550.0,1770.0,2400.0
1,5,4,AE,143.0,830.0,1720.0,2180.0
1,5,4,AE,135.0,750.0,1690.0,2320.0
1,5,5,AH,136.0,630.0,1300.0,1950.0
1,5,5,AH,130.0,650.0,1170.0,2000.0
1,5,6,AA,131.0,760.0,1220.0,2140.0
1,5,7,AO,136.0,540.0,970.0,1980.0
1,5,7,AO,124.0,550.0,880.0,1950.0
1,5,8,UH,133.0,470.0,1040.0,1990.0
1,5,8,UH,132.0,490.0,990.0,1920.0
1,5,9,UW,141.0,380.0,950.0,2140.0
1,5,9,UW,133.0,330.0,800.0,2130.0
1,5,10,ER,143.0,560.0,1510.0,1800.0
1,5,10,ER,136.0,510.0,1460.0,1700.0
1,6,1,IY,125.0,312.0,2350.0,2800.0
1,6,1,IY,119.0,330.0,2430.0,2870.0
1,6,2,IH,133.0,420.0,2000.0,2660.0
1,6,2,IH,125.0,313.0,2000.0,2750.0
1,6,3,EH,120.0,600.0,1860.0,2500.0
1,6,3,EH,114.0,570.0,1830.0,2570.0
1,6,4,AE,119.0,676.0,1670.0,2540.0
1,6,4,AE,125.0,725.0,1687.0,2500.0
1,6,5,AH,125.0,726.0,1270.0,2560.0
1,6,6,AA,125.0,740.0,1100.0,2680.0
1,6,8,UH,120.0,456.0,1080.0,2520.0
1,6,8,UH,120.0,450.0,1140.0,2600.0
1,6,9,UW,125.0,313.0,838.0,2340.0
1,6,9,UW,125.0,288.0,938.0,2450.0
1,6,10,ER,120.0,503.0,1305.0,1775.0
1,6,10,ER,120.0,505.0,1320.0,1750.0
1,7,1,IY,186.0,320.0,2320.0,3120.0
1,7,1,IY,172.0,310.0,2280.0,3020.0
1,7,2,IH,170.0,410.0,2040.0,2715.0
1,7,3,EH,146.0,614.0,1840.0,2770.0
1,7,4,AE,143.0,740.0,1800.0,2450.0
1,7,4,AE,162.0,775.0,1810.0,2200.0
1,7,5,AH,160.0,640.0,1250.0,2400.0
1,7,6,AA,163.0,650.0,980.0,2350.0
1,7,7,AO,145.0,430.0,720.0,2450.0
1,7,7,AO,171.0,510.0,800.0,2500.0
1,7,9,UW,175.0,380.0,1040.0,2260.0
1,7,10,ER,167.0,570.0,1300.0,1750.0
1,7,10,ER,157.0,565.0,1370.0,1710.0
1,8,1,IY,109.0,218.0,2380.0,3100.0
1,8,2,IH,103.0,206.0,2130.0,2570.0
1,8,5,AH,108.0,640.0,1300.0,2300.0
1,8,5,AH,104.0,624.0,1350.0,2410.0
1,8,7,AO,109.0,578.0,970.0,2460.0
1,8,8,UH,111.0,467.0,1110.0,2400.0
1,8,8,UH,105.0,475.0,1220.0,2310.0
1,8,9,UW,107.0,270.0,910.0,2200.0
1,8,9,UW,108.0,260.0,975.0,2320.0
1,8,10,ER,107.0,460.0,1400.0,1790.0
1,8,10,ER,103.0,425.0,1410.0,1760.0
1,9,1,IY,175.0,316.0,2200.0,2800.0
1,9,1,IY,175.0,280.0,2275.0,2775.0
1,9,2,IH,167.0,450.0,1820.0,2475.0
1,9,2,IH,167.0,434.0,1850.0,2425.0
1,9,3,EH,157.0,582.0,1725.0,2375.0
1,9,3,EH,158.0,586.0,1800.0,2425.0
1,9,4,AE,150.0,600.0,1750.0,2375.0
1,9,5,AH,160.0,641.0,1120.0,2225.0
1,9,6,AA,144.0,708.0,1054.0,2420.0
1,9,7,AO,146.0,614.0,848.0,2200.0
1,9,7,AO,143.0,600.0,860.0,2175.0
1,9,8,UH,167.0,500.0,1000.0,2325.0
1,9,8,UH,167.0,500.0,1000.0,2325.0
1,9,9,UW,167.0,334.0,1150.0,2200.0
1,9,9,UW,183.0,312.0,1020.0,2300.0
1,9,10,ER,157.0,518.0,1305.0,1570.0
1,9,10,ER,157.0,504.0,1210.0,1510.0
1,10,1,IY,129.0,260.0,2260.0,2820.0
1,10,1,IY,125.0,250.0,2200.0,2825.0
1,10,2,IH,146.0,400.0,2040.0,2500.0
1,10,2,IH,144.0,389.0,2000.0,2425.0
1,10,3,EH,126.0,500.0,1870.0,2500.0
1,10,3,EH,125.0,500.0,1775.0,2450.0
1,10,4,AE,110.0,660.0,1650.0,2500.0
1,10,4,AE,120.0,624.0,1700.0,2475.0
1,10,5,AH,122.0,650.0,1220.0,2550.0
1,10,5,AH,120.0,672.0,1260.0,2500.0
1,10,6,AA,114.0,750.0,1080.0,2680.0
1,10,6,AA,114.0,777.0,1026.0,2625.0
1,10,7,AO,115.0,580.0,800.0,2650.0
1,10,7,AO,117.0,585.0,819.0,2625.0
1,10,8,UH,127.0,461.0,993.0,2350.0
1,10,9,UW,140.0,280.0,950.0,2300.0
1,10,9,UW,133.0,266.0,920.0,2300.0
1,10,10,ER,128.0,500.0,1340.0,1700.0
1,10,10,ER,133.0,532.0,1275.0,1600.0
1,11,1,IY,146.0,248.0,2225.0,3100.0
1,11,1,IY,140.0,238.0,2175.0,3075.0
1,11,2,IH,150.0,405.0,1925.0,2550.0
1,11,2,IH,138.0,416.0,1940.0,2600.0
1,11,4,AE,145.0,725.0,1700.0,2425.0
1,11,4,AE,127.0,710.0,1650.0,2220.0
1,11,5,AH,136.0,627.0,1038.0,2360.0
1,11,7,AO,140.0,560.0,840.0,2500.0
1,11,8,UH,150.0,495.0,1080.0,2275.0
1,11,8,UH,143.0,430.0,1030.0,2275.0
1,11,9,UW,162.0,290.0,760.0,2300.0
1,11,9,UW,157.0,315.0,850.0,2025.0
1,11,10,ER,150.0,511.0,1561.0,1876.0
1,11,10,ER,138.0,530.0,1450.0,1887.0
1,12,1,IY,110.0,220.0,2410.0,3000.0
1,12,1,IY,125.0,240.0,2440.0,3280.0
1,12,2,IH,120.0,450.0,1880.0,2450.0
1,12,2,IH,118.0,380.0,1930.0,2420.0
1,12,3,EH,115.0,560.0,1650.0,2300.0
1,12,3,EH,123.0,560.0,1720.0,2300.0
1,12,4,AE,110.0,680.0,1720.0,2330.0
1,12,4,AE,133.0,630.0,1680.0,2280.0
1,12,6,AA,110.0,740.0,1240.0,2280.0
1,12,8,UH,130.0,400.0,1200.0,2210.0
1,12,8,UH,110.0,420.0,1230.0,2230.0
1,12,9,UW,122.0,300.0,900.0,2130.0
1,12,9,UW,123.0,260.0,1010.0,2240.0
1,12,10,ER,125.0,400.0,1450.0,1650.0
1,12,10,ER,128.0,360.0,1410.0,1640.0
1,13,1,IY,142.0,290.0,2290.0,2600.0
1,13,1,IY,135.0,260.0,2290.0,2700.0
1,13,2,IH,132.0,390.0,1950.0,2550.0
1,13,4,AE,125.0,660.0,1630.0,2500.0
1,13,4,AE,132.0,670.0,1630.0,2380.0
1,13,5,AH,140.0,600.0,1220.0,2530.0
1,13,5,AH,125.0,600.0,1210.0,2430.0
1,13,6,AA,128.0,670.0,1100.0,2700.0
1,13,7,AO,127.0,510.0,720.0,2450.0
1,13,7,AO,120.0,480.0,710.0,2540.0
1,13,8,UH,140.0,440.0,1030.0,2400.0
1,13,9,UW,127.0,350.0,720.0,2750.0
1,13,9,UW,140.0,380.0,740.0,2880.0
1,13,10,ER,128.0,430.0,1370.0,1610.0
1,13,10,ER,135.0,440.0,1360.0,1600.0
1,14,1,IY,114.0,228.0,2350.0,2860.0
1,14,1,IY,118.0,220.0,2350.0,2920.0
1,14,3,EH,106.0,445.0,2020.0,2420.0
1,14,3,EH,115.0,470.0,2020.0,2500.0
1,14,4,AE,103.0,721.0,1680.0,2400.0
1,14,4,AE,109.0,750.0,1710.0,2440.0
1,14,6,AA,98.0,686.0,1078.0,2570.0
1,14,7,AO,102.0,560.0,665.0,2620.0
1,14,7,AO,106.0,550.0,650.0,2700.0
1,14,8,UH,112.0,448.0,980.0,2370.0
1,14,8,UH,104.0,410.0,940.0,2370.0
1,14,9,UW,116.0,232.0,696.0,2200.0
1,14,9,UW,117.0,222.0,665.0,2080.0
1,14,10,ER,120.0,432.0,1300.0,1400.0
1,14,10,ER,111.0,420.0,1300.0,1570.0
1,15,1,IY,121.0,230.0,2100.0,2850.0
1,15,1,IY,118.0,240.0,2000.0,2980.0
1,15,2,IH,130.0,365.0,1900.0,2340.0
1,15,2,IH,119.0,300.0,2040.0,2560.0
1,15,4,AE,124.0,660.0,1800.0,2150.0
1,15,5,AH,120.0,660.0,1000.0,2380.0
1,15,5,AH,110.0,660.0,960.0,2450.0
1,15,7,AO,117.0,500.0,620.0,2250.0
1,15,7,AO,106.0,550.0,700.0,2550.0
1,15,8,UH,140.0,390.0,730.0,2180.0
1,15,8,UH,130.0,360.0,740.0,2200.0
1,15,9,UW,131.0,260.0,720.0,2100.0
1,15,9,UW,132.0,260.0,740.0,2040.0
1,15,10,ER,125.0,450.0,1230.0,1600.0
1,15,10,ER,127.0,460.0,1300.0,1650.0
1,16,1,IY,150.0,300.0,2355.0,3250.0
1,16,1,IY,150.0,300.0,2460.0,3280.0
1,16,2,IH,160.0,385.0,2242.0,2805.0
1,16,2,IH,150.0,407.0,2250.0,2780.0
1,16,3,EH,140.0,504.0,2090.0,2720.0
1,16,3,EH,146.0,543.0,1980.0,2640.0
1,16,4,AE,133.0,680.0,1958.0,2542.0
1,16,4,AE,141.0,708.0,1840.0,2535.0
1,16,5,AH,150.0,675.0,1320.0,2550.0
1,16,5,AH,150.0,704.0,1393.0,2550.0
1,16,6,AA,137.0,825.0,1168.0,2750.0
1,16,6,AA,135.0,840.0,1210.0,2680.0
1,16,8,UH,143.0,443.0,1273.0,2430.0
1,16,8,UH,153.0,459.0,1286.0,2410.0
1,16,9,UW,146.0,395.0,1300.0,2160.0
1,16,9,UW,153.0,400.0,1320.0,2150.0
1,16,10,ER,140.0,532.0,1500.0,1890.0
1,16,10,ER,146.0,538.0,1460.0,1818.0
1,17,1,IY,120.0,264.0,2290.0,2700.0
1,17,1,IY,128.0,256.0,2305.0,2635.0
1,17,2,IH,112.0,380.0,1880.0,2440.0
1,17,2,IH,115.0,346.0,1930.0,2390.0
1,17,3,EH,100.0,510.0,1780.0,2300.0
1,17,3,EH,108.0,520.0,1730.0,2275.0
1,17,4,AE,100.0,630.0,1770.0,2350.0
1,17,4,AE,105.0,630.0,1642.0,2170.0
1,17,5,AH,103.0,601.0,1273.0,2130.0
1,17,6,AA,95.0,703.0,1092.0,2320.0
1,17,7,AO,97.0,565.0,780.0,2350.0
1,17,7,AO,106.0,584.0,849.0,2460.0
1,17,8,UH,105.0,420.0,1100.0,2140.0
1,17,8,UH,111.0,422.0,1200.0,2175.0
1,17,9,UW,117.0,315.0,1080.0,2260.0
1,17,9,UW,125.0,326.0,1125.0,2210.0
1,17,10,ER,111.0,444.0,1300.0,1625.0
1,17,10,ER,109.0,469.0,1288.0,1600.0
1,18,1,IY,124.0,210.0,2100.0,3090.0
1,18,1,IY,130.0,220.0,2080.0,3180.0
1,18,2,IH,128.0,280.0,2000.0,2710.0
1,18,2,IH,130.0,310.0,1950.0,2670.0
1,18,3,EH,121.0,470.0,1910.0,2580.0
1,18,4,AE,116.0,640.0,1620.0,2200.0
1,18,4,AE,118.0,650.0,1580.0,2360.0
1,18,5,AH,121.0,610.0,1100.0,2230.0
1,18,5,AH,126.0,620.0,1120.0,2330.0
1,18,7,AO,122.0,460.0,720.0,2180.0
1,18,7,AO,118.0,470.0,690.0,2200.0
1,18,8,UH,129.0,320.0,770.0,1860.0
1,18,9,UW,140.0,210.0,670.0,1900.0
1,18,9,UW,148.0,240.0,730.0,1850.0
1,18,10,ER,128.0,390.0,1320.0,1550.0
1,18,10,ER,124.0,420.0,1240.0,1510.0
1,19,1,IY,129.0,190.0,2650.0,3280.0
1,19,1,IY,135.0,190.0,2700.0,3170.0
1,19,2,IH,132.0,370.0,1750.0,2700.0
1,19,2,IH,130.0,370.0,1800.0,2750.0
1,19,7,AO,121.0,570.0,820.0,2820.0
1,19,9,UW,130.0,250.0,1000.0,2100.0
1,19,9,UW,140.0,210.0,960.0,1940.0
1,19,10,ER,130.0,360.0,1300.0,1920.0
1,19,10,ER,133.0,370.0,1300.0,1760.0
1,20,1,IY,127.0,250.0,2180.0,2660.0
1,20,1,IY,131.0,260.0,2210.0,2780.0
1,20,2,IH,121.0,400.0,1900.0,2440.0
1,20,2,IH,122.0,350.0,1980.0,2480.0
1,20,4,AE,120.0,680.0,1470.0,2280.0
1,20,4,AE,119.0,620.0,1580.0,2320.0
1,20,5,AH,120.0,620.0,1100.0,2390.0
1,20,7,AO,112.0,560.0,790.0,2480.0
1,20,7,AO,120.0,610.0,840.0,2420.0
1,20,8,UH,121.0,360.0,860.0,2200.0
1,20,8,UH,120.0,400.0,840.0,2200.0
1,20,9,UW,140.0,280.0,670.0,2140.0
1,20,9,UW,126.0,250.0,720.0,2190.0
1,20,10,ER,120.0,480.0,1410.0,1760.0
1,20,10,ER,121.0,470.0,1330.0,1700.0
1,21,1,IY,155.0,280.0,2400.0,2910.0
1,21,1,IY,150.0,300.0,2320.0,2960.0
1,21,2,IH,150.0,450.0,2050.0,2670.0
1,21,3,EH,135.0,540.0,1900.0,2530.0
1,21,3,EH,135.0,540.0,1920.0,2520.0
1,21,4,AE,138.0,620.0,1800.0,2440.0
1,21,4,AE,140.0,690.0,1820.0,2480.0
1,21,5,AH,140.0,680.0,1290.0,2600.0
1,21,6,AA,145.0,740.0,1110.0,2500.0
1,21,7,AO,138.0,650.0,880.0,2660.0
1,21,8,UH,142.0,430.0,1130.0,2440.0
1,21,8,UH,143.0,430.0,1150.0,2420.0
1,21,9,UW,142.0,280.0,990.0,2330.0
1,21,9,UW,145.0,290.0,1000.0,2300.0
1,21,10,ER,150.0,420.0,1350.0,1600.0
1,21,10,ER,150.0,450.0,1350.0,1600.0
1,22,1,IY,135.0,300.0,2300.0,2800.0
1,22,1,IY,135.0,350.0,2240.0,2760.0
1,22,4,AE,130.0,760.0,1920.0,2480.0
1,22,4,AE,132.0,670.0,1850.0,2560.0
1,22,6,AA,125.0,750.0,1160.0,2080.0
1,22,8,UH,140.0,550.0,970.0,2200.0
1,22,9,UW,150.0,300.0,600.0,2300.0
1,22,9,UW,148.0,230.0,570.0,2100.0
1,22,10,ER,140.0,560.0,1520.0,2100.0
1,22,10,ER,140.0,540.0,1570.0,2050.0
1,23,1,IY,125.0,240.0,2100.0,2900.0
1,23,1,IY,119.0,240.0,2150.0,2860.0
1,23,2,IH,130.0,380.0,1870.0,2450.0
1,23,2,IH,120.0,430.0,1710.0,2350.0
1,23,4,AE,110.0,715.0,1500.0,2300.0
1,23,6,AA,119.0,710.0,950.0,2520.0
1,23,7,AO,125.0,460.0,610.0,2500.0
1,23,7,AO,120.0,470.0,710.0,2500.0
1,23,8,UH,125.0,390.0,900.0,2100.0
1,23,8,UH,125.0,460.0,920.0,2140.0
1,23,9,UW,125.0,250.0,690.0,2080.0
1,23,9,UW,130.0,270.0,650.0,2050.0
1,23,10,ER,122.0,540.0,1280.0,1720.0
1,23,10,ER,118.0,510.0,1280.0,1650.0
1,24,1,IY,148.0,280.0,2450.0,2700.0
1,24,1,IY,160.0,288.0,2500.0,2880.0
1,24,2,IH,160.0,400.0,2080.0,2530.0
1,24,2,IH,153.0,384.0,2110.0,2500.0
1,24,4,AE,145.0,680.0,1850.0,2400.0
1,24,4,AE,140.0,685.0,1780.0,2160.0
1,24,5,AH,143.0,660.0,1370.0,2110.0
1,24,6,AA,135.0,770.0,1140.0,2020.0
1,24,7,AO,145.0,500.0,800.0,1850.0
1,24,7,AO,132.0,600.0,1000.0,2000.0
1,24,8,UH,157.0,380.0,1060.0,1950.0
1,24,8,UH,150.0,470.0,1220.0,2150.0
1,24,9,UW,162.0,324.0,800.0,2220.0
1,24,9,UW,139.0,290.0,800.0,2150.0
1,24,10,ER,150.0,560.0,1350.0,1780.0
1,24,10,ER,150.0,600.0,1470.0,1820.0
1,25,1,IY,110.0,250.0,2190.0,3000.0
1,25,1,IY,106.0,254.0,2085.0,2890.0
1,25,2,IH,111.0,330.0,1967.0,2670.0
1,25,2,IH,108.0,430.0,1940.0,2590.0
1,25,3,EH,116.0,464.0,2100.0,2700.0
1,25,3,EH,105.0,504.0,1995.0,2780.0
1,25,4,AE,94.0,595.0,1900.0,2700.0
1,25,4,AE,100.0,670.0,1860.0,2500.0
1,25,5,AH,96.0,620.0,1200.0,2420.0
1,25,5,AH,105.0,630.0,1127.0,2420.0
1,25,6,AA,100.0,750.0,1160.0,2360.0
1,25,6,AA,96.0,740.0,1155.0,2330.0
1,25,7,AO,101.0,460.0,740.0,2300.0
1,25,8,UH,113.0,400.0,1020.0,2200.0
1,25,8,UH,128.0,450.0,1028.0,2160.0
1,25,9,UW,140.0,392.0,1000.0,2120.0
1,25,9,UW,116.0,350.0,898.0,2140.0
1,25,10,ER,117.0,547.0,1340.0,1688.0
1,25,10,ER,128.0,512.0,1280.0,1570.0
1,26,1,IY,123.0,246.0,2185.0,2730.0
1,26,1,IY,133.0,267.0,2280.0,2800.0
1,26,2,IH,140.0,420.0,2300.0,2800.0
1,26,2,IH,120.0,384.0,2110.0,2620.0
1,26,3,EH,120.0,480.0,1920.0,2540.0
1,26,4,AE,114.0,628.0,1837.0,2570.0
1,26,5,AH,114.0,628.0,1254.0,2470.0
1,26,5,AH,114.0,617.0,1255.0,2480.0
1,26,7,AO,117.0,510.0,700.0,2650.0
1,26,7,AO,120.0,504.0,756.0,2540.0
1,26,8,UH,122.0,465.0,990.0,2440.0
1,26,8,UH,125.0,462.0,976.0,2450.0
1,26,9,UW,120.0,324.0,708.0,2440.0
1,26,9,UW,157.0,387.0,786.0,2518.0
1,26,10,ER,122.0,488.0,1468.0,1712.0
1,26,10,ER,118.0,472.0,1465.0,1725.0
1,27,1,IY,138.0,275.0,2060.0,2800.0
1,27,1,IY,136.0,270.0,2020.0,2790.0
1,27,2,IH,133.0,349.0,2030.0,2760.0
1,27,2,IH,136.0,340.0,1940.0,2560.0
1,27,4,AE,125.0,688.0,1600.0,2300.0
1,27,4,AE,122.0,660.0,1570.0,2380.0
1,27,5,AH,130.0,550.0,1150.0,2250.0
1,27,6,AA,125.0,712.0,1024.0,2250.0
1,27,6,AA,125.0,670.0,1080.0,2300.0
1,27,7,AO,125.0,550.0,913.0,2360.0
1,27,7,AO,126.0,550.0,890.0,2280.0
1,27,8,UH,128.0,360.0,1028.0,2160.0
1,27,9,UW,133.0,294.0,930.0,2050.0
1,27,9,UW,140.0,280.0,1000.0,2160.0
1,27,10,ER,125.0,440.0,1250.0,1625.0
1,27,10,ER,130.0,480.0,1160.0,1520.0
1,28,1,IY,125.0,320.0,2160.0,2900.0
1,28,1,IY,133.0,267.0,2230.0,3000.0
1,28,2,IH,115.0,440.0,1750.0,2400.0
1,28,2,IH,116.0,390.0,1780.0,2450.0
1,28,3,EH,117.0,525.0,1800.0,2480.0
1,28,3,EH,110.0,520.0,1750.0,2390.0
1,28,4,AE,111.0,660.0,1600.0,2400.0
1,28,4,AE,120.0,720.0,1680.0,2430.0
1,28,5,AH,117.0,600.0,1250.0,2300.0
1,28,6,AA,117.0,860.0,1280.0,2470.0
1,28,7,AO,114.0,560.0,810.0,2290.0
1,28,7,AO,116.0,584.0,840.0,2280.0
1,28,8,UH,130.0,455.0,970.0,2140.0
1,28,8,UH,120.0,456.0,1040.0,2038.0
1,28,9,UW,125.0,350.0,820.0,2130.0
1,28,9,UW,128.0,366.0,772.0,2058.0
1,28,10,ER,118.0,472.0,1430.0,1840.0
1,29,1,IY,133.0,333.0,2305.0,3200.0
1,29,1,IY,131.0,326.0,2260.0,3030.0
1,29,4,AE,116.0,640.0,1710.0,2450.0
1,29,4,AE,123.0,615.0,1720.0,2220.0
1,29,5,AH,116.0,583.0,1110.0,2360.0
1,29,6,AA,111.0,777.0,1170.0,2600.0
1,29,6,AA,114.0,750.0,1175.0,2820.0
1,29,8,UH,125.0,438.0,975.0,2300.0
1,29,8,UH,140.0,420.0,938.0,2300.0
1,29,9,UW,133.0,333.0,800.0,2130.0
1,29,9,UW,140.0,320.0,840.0,2150.0
1,29,10,ER,120.0,480.0,1320.0,1870.0
1,29,10,ER,127.0,483.0,1335.0,1844.0
1,30,1,IY,166.0,267.0,2300.0,2940.0
1,30,1,IY,156.0,220.0,2300.0,2900.0
1,30,2,IH,154.0,431.0,2040.0,2460.0
1,30,2,IH,155.0,360.0,2010.0,2400.0
1,30,3,EH,180.0,540.0,2000.0,2450.0
1,30,4,AE,138.0,590.0,1950.0,2460.0
1,30,6,AA,155.0,730.0,1130.0,2320.0
1,30,8,UH,196.0,450.0,1000.0,2180.0
1,30,9,UW,167.0,333.0,835.0,2170.0
1,30,9,UW,198.0,280.0,750.0,2170.0
1,30,10,ER,163.0,488.0,1300.0,1600.0
1,30,10,ER,163.0,490.0,1380.0,1620.0
1,31,1,IY,120.0,312.0,2380.0,2900.0
1,31,1,IY,120.0,300.0,2350.0,3000.0
1,31,2,IH,140.0,490.0,2000.0,2620.0
1,31,3,EH,125.0,640.0,2000.0,2620.0
1,31,3,EH,111.0,555.0,1870.0,2540.0
1,31,4,AE,112.0,697.0,1610.0,2540.0
1,31,4,AE,114.0,684.0,1634.0,2510.0
1,31,5,AH,115.0,633.0,1260.0,2530.0
1,31,6,AA,112.0,730.0,1203.0,2700.0
1,31,6,AA,107.0,752.0,1125.0,2620.0
1,31,7,AO,108.0,507.0,755.0,2420.0
1,31,7,AO,116.0,538.0,816.0,2450.0
1,31,8,UH,114.0,456.0,1040.0,2300.0
1,31,8,UH,120.0,480.0,1120.0,2160.0
1,31,9,UW,125.0,350.0,1000.0,2250.0
1,31,10,ER,112.0,539.0,1370.0,1800.0
1,31,10,ER,117.0,549.0,1353.0,1728.0
1,32,1,IY,146.0,292.0,2500.0,3150.0
1,32,1,IY,133.0,266.0,2370.0,3100.0
1,32,2,IH,143.0,372.0,2220.0,2640.0
1,32,2,IH,131.0,350.0,2130.0,2610.0
1,32,4,AE,125.0,650.0,1738.0,2400.0
1,32,4,AE,130.0,663.0,1820.0,2400.0
1,32,5,AH,137.0,600.0,1370.0,2180.0
1,32,6,AA,133.0,735.0,1070.0,2100.0
1,32,6,AA,117.0,713.0,1180.0,2200.0
1,32,7,AO,125.0,625.0,875.0,2180.0
1,32,8,UH,150.0,420.0,1100.0,2000.0
1,32,8,UH,140.0,420.0,1120.0,2100.0
1,32,9,UW,125.0,350.0,980.0,2200.0
1,32,9,UW,133.0,320.0,918.0,2100.0
1,32,10,ER,143.0,554.0,1480.0,1800.0
1,32,10,ER,128.0,484.0,1505.0,1890.0
1,33,1,IY,143.0,286.0,2415.0,2860.0
1,33,1,IY,150.0,300.0,2415.0,2860.0
1,33,3,EH,144.0,553.0,1935.0,2530.0
1,33,4,AE,133.0,640.0,1773.0,2490.0
1,33,4,AE,133.0,640.0,1840.0,2560.0
1,33,5,AH,143.0,672.0,1272.0,2640.0
1,33,5,AH,146.0,658.0,1241.0,2560.0
1,33,6,AA,130.0,780.0,1170.0,2640.0
1,33,6,AA,131.0,788.0,1115.0,2645.0
1,33,8,UH,175.0,490.0,1102.0,2420.0
1,33,8,UH,154.0,492.0,1077.0,2306.0
1,33,9,UW,160.0,320.0,960.0,2290.0
1,33,10,ER,143.0,543.0,1310.0,1643.0
1,33,10,ER,145.0,508.0,1309.0,1600.0
2,34,1,IY,234.0,390.0,2760.0,3060.0
2,34,2,IH,234.0,468.0,2330.0,2930.0
2,34,2,IH,205.0,410.0,2380.0,2950.0
2,34,3,EH,190.0,550.0,2200.0,2880.0
2,34,3,EH,191.0,570.0,2100.0,3040.0
2,34,4,AE,200.0,800.0,1980.0,2810.0
2,34,4,AE,192.0,860.0,1920.0,2850.0
2,34,5,AH,227.0,635.0,1200.0,3250.0
2,34,5,AH,200.0,700.0,1200.0,3100.0
2,34,6,AA,188.0,830.0,1200.0,2880.0
2,34,7,AO,207.0,570.0,830.0,3300.0
2,34,8,UH,240.0,410.0,940.0,3040.0
2,34,8,UH,225.0,450.0,970.0,3190.0
2,34,9,UW,238.0,480.0,955.0,2960.0
2,34,10,ER,200.0,500.0,1850.0,2100.0
2,34,10,ER,200.0,560.0,1750.0,2100.0
2,35,1,IY,225.0,270.0,2760.0,3550.0
2,35,1,IY,240.0,290.0,2700.0,3350.0
2,35,2,IH,245.0,460.0,2500.0,3220.0
2,35,2,IH,220.0,410.0,2400.0,3240.0
2,35,3,EH,220.0,620.0,2300.0,3200.0
2,35,3,EH,210.0,630.0,2300.0,3170.0
2,35,4,AE,220.0,820.0,2180.0,2850.0
2,35,4,AE,195.0,740.0,2120.0,3070.0
2,35,5,AH,240.0,800.0,1300.0,2900.0
2,35,5,AH,225.0,760.0,1400.0,2830.0
2,35,6,AA,214.0,850.0,1120.0,2620.0
2,35,6,AA,190.0,880.0,1220.0,2850.0
2,35,7,AO,228.0,460.0,900.0,2830.0
2,35,8,UH,250.0,500.0,1040.0,2750.0
2,35,8,UH,245.0,490.0,1000.0,2720.0
2,35,9,UW,250.0,400.0,940.0,2720.0
2,35,9,UW,245.0,410.0,860.0,2700.0
2,35,10,ER,225.0,440.0,1560.0,1750.0
2,35,10,ER,210.0,420.0,1600.0,1750.0
2,36,1,IY,210.0,290.0,2700.0,3020.0
2,36,1,IY,215.0,280.0,2630.0,3240.0
2,36,2,IH,211.0,420.0,2220.0,2980.0
2,36,4,AE,212.0,1000.0,1830.0,2820.0
2,36,4,AE,204.0,980.0,1800.0,2820.0
2,36,5,AH,208.0,710.0,1450.0,2750.0
2,36,6,AA,205.0,950.0,1280.0,2600.0
2,36,6,AA,210.0,870.0,1260.0,2740.0
2,36,7,AO,203.0,610.0,900.0,2710.0
2,36,7,AO,210.0,630.0,840.0,2700.0
2,36,8,UH,211.0,440.0,1050.0,2780.0
2,36,8,UH,210.0,420.0,1050.0,2740.0
2,36,9,UW,222.0,380.0,860.0,2500.0
2,36,9,UW,208.0,330.0,750.0,2740.0
2,36,10,ER,208.0,580.0,1450.0,1720.0
2,36,10,ER,212.0,540.0,1560.0,1900.0
2,37,1,IY,210.0,294.0,2800.0,3100.0
2,37,1,IY,222.0,270.0,2880.0,3160.0
2,37,2,IH,202.0,420.0,2430.0,3030.0
2,37,2,IH,212.0,420.0,2370.0,2930.0
2,37,4,AE,200.0,820.0,1970.0,2620.0
2,37,4,AE,210.0,840.0,2000.0,2700.0
2,37,5,AH,201.0,666.0,1206.0,2900.0
2,37,7,AO,200.0,560.0,760.0,2800.0
2,37,7,AO,207.0,560.0,770.0,3000.0
2,37,8,UH,213.0,430.0,1000.0,2700.0
2,37,9,UW,220.0,330.0,840.0,2550.0
2,37,9,UW,213.0,280.0,850.0,2500.0
2,37,10,ER,205.0,430.0,1800.0,1930.0
2,37,10,ER,200.0,420.0,1740.0,1960.0
2,38,1,IY,175.0,350.0,2800.0,3160.0
2,38,1,IY,187.0,338.0,2870.0,3300.0
2,38,2,IH,200.0,400.0,2540.0,3200.0
2,38,2,IH,210.0,420.0,2680.0,3000.0
2,38,3,EH,180.0,518.0,2470.0,3200.0
2,38,3,EH,200.0,600.0,2400.0,3150.0
2,38,4,AE,171.0,773.0,2000.0,2870.0
2,38,4,AE,175.0,875.0,2100.0,2970.0
2,38,5,AH,200.0,740.0,1280.0,2900.0
2,38,7,AO,160.0,560.0,960.0,2850.0
2,38,7,AO,192.0,536.0,850.0,2850.0
2,38,8,UH,212.0,424.0,1040.0,2780.0
2,38,8,UH,200.0,520.0,1060.0,2670.0
2,38,9,UW,190.0,380.0,770.0,2900.0
2,38,9,UW,187.0,340.0,750.0,2780.0
2,38,10,ER,197.0,493.0,1930.0,2300.0
2,39,1,IY,250.0,325.0,2700.0,3100.0
2,39,1,IY,225.0,310.0,2750.0,3225.0
2,39,2,IH,214.0,350.0,2580.0,3000.0
2,39,2,IH,267.0,390.0,2700.0,3200.0
2,39,3,EH,233.0,560.0,2330.0,2800.0
2,39,3,EH,200.0,520.0,2500.0,3000.0
2,39,4,AE,171.0,806.0,1970.0,2600.0
2,39,4,AE,150.0,825.0,1860.0,2550.0
2,39,5,AH,186.0,708.0,1485.0,2760.0
2,39,5,AH,188.0,676.0,1500.0,2590.0
2,39,6,AA,200.0,800.0,1200.0,2800.0
2,39,7,AO,267.0,530.0,800.0,2780.0
2,39,8,UH,214.0,450.0,1460.0,2550.0
2,39,8,UH,233.0,467.0,1400.0,2450.0
2,39,9,UW,225.0,450.0,1080.0,2350.0
2,39,9,UW,200.0,400.0,1000.0,2400.0
2,39,10,ER,193.0,524.0,1700.0,2130.0
2,39,10,ER,180.0,507.0,1800.0,2380.0
2,40,1,IY,200.0,300.0,3100.0,3400.0
2,40,2,IH,214.0,428.0,2570.0,3000.0
2,40,2,IH,220.0,440.0,2640.0,3080.0
2,40,3,EH,210.0,528.0,2540.0,3170.0
2,40,4,AE,187.0,940.0,2250.0,2760.0
2,40,4,AE,200.0,820.0,2200.0,2920.0
2,40,5,AH,204.0,816.0,1450.0,2700.0
2,40,6,AA,200.0,960.0,1280.0,3000.0
2,40,7,AO,220.0,520.0,880.0,2500.0
2,40,7,AO,217.0,574.0,890.0,2510.0
2,40,9,UW,180.0,300.0,850.0,2800.0
2,40,10,ER,216.0,432.0,1790.0,2060.0
2,40,10,ER,219.0,360.0,1900.0,2320.0
2,41,1,IY,225.0,337.0,2700.0,3300.0
2,41,1,IY,233.0,340.0,2720.0,3200.0
2,41,2,IH,237.0,474.0,2370.0,3095.0
2,41,2,IH,237.0,475.0,2400.0,3090.0
2,41,3,EH,229.0,526.0,2360.0,3090.0
2,41,3,EH,233.0,580.0,2360.0,3150.0
2,41,5,AH,233.0,690.0,1630.0,2900.0
2,41,6,AA,222.0,845.0,1334.0,2890.0
2,41,6,AA,233.0,888.0,1290.0,2800.0
2,41,7,AO,225.0,631.0,923.0,2250.0
2,41,7,AO,233.0,543.0,980.0,2300.0
2,41,8,UH,233.0,537.0,1360.0,2920.0
2,41,8,UH,240.0,480.0,1345.0,2680.0
2,41,9,UW,235.0,400.0,1180.0,2760.0
2,41,9,UW,233.0,396.0,1120.0,2560.0
2,41,10,ER,225.0,450.0,1640.0,2250.0
2,41,10,ER,233.0,489.0,1630.0,2090.0
2,42,1,IY,225.0,225.0,2760.0,3900.0
2,42,1,IY,230.0,230.0,2850.0,3800.0
2,42,2,IH,238.0,429.0,2560.0,3200.0
2,42,3,EH,214.0,579.0,2570.0,3300.0
2,42,3,EH,214.0,536.0,2570.0,3100.0
2,42,4,AE,205.0,823.0,2220.0,2870.0
2,42,4,AE,200.0,800.0,2100.0,2900.0
2,42,5,AH,250.0,750.0,1500.0,2750.0
2,42,5,AH,217.0,738.0,1300.0,2820.0
2,42,6,AA,200.0,840.0,1300.0,3100.0
2,42,7,AO,214.0,579.0,856.0,2790.0
2,42,7,AO,205.0,545.0,905.0,2750.0
2,42,9,UW,250.0,400.0,1250.0,2500.0
2,42,9,UW,225.0,405.0,1080.0,2500.0
2,42,10,ER,233.0,466.0,1860.0,2260.0
2,42,10,ER,225.0,540.0,1780.0,2220.0
2,43,1,IY,240.0,290.0,3000.0,3840.0
2,43,1,IY,250.0,325.0,2900.0,3500.0
2,43,2,IH,250.0,500.0,2370.0,3120.0
2,43,3,EH,238.0,760.0,2380.0,3205.0
2,43,3,EH,233.0,746.0,2290.0,3030.0
2,43,4,AE,206.0,1008.0,1990.0,2870.0
2,43,4,AE,200.0,1040.0,2000.0,2800.0
2,43,5,AH,220.0,830.0,1540.0,2860.0
2,43,5,AH,237.0,900.0,1510.0,2840.0
2,43,6,AA,206.0,970.0,1343.0,3018.0
2,43,7,AO,233.0,650.0,900.0,2920.0
2,43,7,AO,229.0,687.0,1060.0,2780.0
2,43,8,UH,233.0,467.0,1167.0,2595.0
2,43,9,UW,250.0,450.0,875.0,2750.0
2,43,9,UW,233.0,420.0,935.0,2710.0
2,43,10,ER,230.0,622.0,1750.0,2070.0
2,43,10,ER,225.0,652.0,1710.0,2043.0
2,44,1,IY,255.0,275.0,2800.0,3310.0
2,44,1,IY,245.0,245.0,2800.0,3300.0
2,44,2,IH,267.0,534.0,2500.0,3250.0
2,44,2,IH,264.0,528.0,2640.0,3370.0
2,44,3,EH,238.0,700.0,2380.0,3250.0
2,44,3,EH,250.0,750.0,2480.0,3000.0
2,44,4,AE,237.0,1020.0,1900.0,2960.0
2,44,4,AE,233.0,1005.0,2050.0,2870.0
2,44,5,AH,263.0,750.0,1500.0,2850.0
2,44,5,AH,250.0,850.0,1400.0,2750.0
2,44,6,AA,258.0,978.0,1290.0,2840.0
2,44,6,AA,246.0,935.0,1230.0,2730.0
2,44,7,AO,250.0,500.0,750.0,2750.0
2,44,7,AO,243.0,632.0,850.0,2850.0
2,44,8,UH,250.0,350.0,1170.0,2750.0
2,44,8,UH,266.0,450.0,1000.0,2800.0
2,44,9,UW,256.0,358.0,640.0,2560.0
2,44,9,UW,250.0,300.0,750.0,2500.0
2,44,10,ER,260.0,520.0,1560.0,1820.0
2,44,10,ER,250.0,500.0,1500.0,1750.0
2,45,1,IY,236.0,236.0,2790.0,3760.0
2,45,1,IY,242.0,242.0,2770.0,3800.0
2,45,2,IH,222.0,444.0,2555.0,3110.0
2,45,2,IH,242.0,420.0,2700.0,3120.0
2,45,3,EH,226.0,634.0,2325.0,2940.0
2,45,3,EH,225.0,608.0,2475.0,3100.0
2,45,4,AE,210.0,1010.0,2060.0,2900.0
2,45,4,AE,200.0,980.0,2160.0,2920.0
2,45,5,AH,217.0,818.0,1450.0,2500.0
2,45,5,AH,200.0,750.0,1280.0,2650.0
2,45,6,AA,220.0,820.0,1200.0,2640.0
2,45,6,AA,210.0,900.0,1120.0,2900.0
2,45,7,AO,220.0,440.0,749.0,2640.0
2,45,7,AO,210.0,567.0,752.0,2600.0
2,45,8,UH,240.0,480.0,1105.0,2400.0
2,45,9,UW,250.0,420.0,1000.0,2500.0
2,45,9,UW,275.0,350.0,1100.0,2400.0
2,45,10,ER,217.0,487.0,1500.0,1780.0
2,45,10,ER,206.0,467.0,1420.0,1640.0
2,46,1,IY,225.0,360.0,2920.0,3400.0
2,46,1,IY,233.0,340.0,2840.0,3300.0
2,46,2,IH,257.0,514.0,2570.0,3070.0
2,46,2,IH,238.0,500.0,2680.0,3260.0
2,46,3,EH,238.0,650.0,2495.0,3090.0
2,46,4,AE,225.0,1020.0,2030.0,2700.0
2,46,4,AE,225.0,1000.0,2200.0,2770.0
2,46,5,AH,225.0,788.0,1462.0,2920.0
2,46,5,AH,217.0,736.0,1500.0,2900.0
2,46,6,AA,214.0,1009.0,1415.0,3080.0
2,46,7,AO,209.0,627.0,1045.0,2504.0
2,46,8,UH,250.0,500.0,1200.0,2450.0
2,46,8,UH,230.0,460.0,1150.0,2880.0
2,46,9,UW,267.0,420.0,990.0,2860.0
2,46,9,UW,190.0,380.0,893.0,2920.0
2,46,10,ER,246.0,610.0,1630.0,2020.0
2,46,10,ER,225.0,585.0,1700.0,1850.0
2,47,1,IY,285.0,285.0,2900.0,3500.0
2,47,1,IY,286.0,310.0,2900.0,3400.0
2,47,2,IH,297.0,480.0,2670.0,3260.0
2,47,3,EH,173.0,550.0,2370.0,3140.0
2,47,3,EH,260.0,520.0,2340.0,3040.0
2,47,4,AE,167.0,790.0,2180.0,3020.0
2,47,4,AE,280.0,840.0,2160.0,3020.0
2,47,5,AH,280.0,840.0,1400.0,2750.0
2,47,5,AH,270.0,760.0,1330.0,2950.0
2,47,6,AA,252.0,900.0,1290.0,2750.0
2,47,7,AO,175.0,700.0,1050.0,2750.0
2,47,7,AO,190.0,720.0,1080.0,3030.0
2,47,8,UH,286.0,540.0,1200.0,2860.0
2,47,8,UH,205.0,570.0,1200.0,2970.0
2,47,9,UW,328.0,400.0,980.0,2630.0
2,47,9,UW,290.0,440.0,990.0,2900.0
2,47,10,ER,286.0,570.0,2000.0,2480.0
2,47,10,ER,260.0,510.0,1850.0,2350.0
2,48,1,IY,170.0,340.0,2750.0,3120.0
2,48,1,IY,238.0,360.0,2760.0,3120.0
2,48,2,IH,167.0,480.0,2390.0,2950.0
2,48,3,EH,220.0,620.0,2520.0,2920.0
2,48,3,EH,222.0,620.0,2440.0,2880.0
2,48,4,AE,222.0,1110.0,2160.0,2700.0
2,48,4,AE,214.0,1070.0,1960.0,2750.0
2,48,6,AA,150.0,840.0,1110.0,2930.0
2,48,6,AA,170.0,850.0,1120.0,2850.0
2,48,7,AO,200.0,500.0,700.0,2930.0
2,48,7,AO,212.0,380.0,720.0,2700.0
2,48,8,UH,235.0,400.0,940.0,2820.0
2,48,8,UH,214.0,380.0,860.0,2680.0
2,48,9,UW,196.0,330.0,760.0,2870.0
2,48,9,UW,188.0,350.0,710.0,2760.0
2,48,10,ER,182.0,550.0,1780.0,2080.0
2,48,10,ER,201.0,600.0,1750.0,2000.0
2,49,1,IY,200.0,320.0,2360.0,2980.0
2,49,1,IY,203.0,304.0,2380.0,3050.0
2,49,3,EH,200.0,500.0,2350.0,2830.0
2,49,3,EH,200.0,600.0,2200.0,2700.0
2,49,4,AE,187.0,860.0,1724.0,2530.0
2,49,5,AH,200.0,720.0,1440.0,2380.0
2,49,5,AH,191.0,707.0,1470.0,2440.0
2,49,6,AA,200.0,700.0,1080.0,2420.0
2,49,7,AO,200.0,600.0,860.0,2410.0
2,49,7,AO,200.0,600.0,900.0,2400.0
2,49,8,UH,210.0,546.0,1090.0,2400.0
2,49,8,UH,210.0,462.0,1240.0,2310.0
2,49,9,UW,257.0,360.0,930.0,2260.0
2,49,9,UW,220.0,440.0,1100.0,2300.0
2,49,10,ER,200.0,540.0,1400.0,1800.0
2,49,10,ER,204.0,460.0,1350.0,1560.0
2,50,1,IY,203.0,406.0,2600.0,2945.0
2,50,2,IH,200.0,460.0,2300.0,2800.0
2,50,2,IH,210.0,420.0,2305.0,2835.0
2,50,3,EH,190.0,570.0,2100.0,2720.0
2,50,3,EH,207.0,538.0,2175.0,2880.0
2,50,4,AE,189.0,850.0,1853.0,2685.0
2,50,4,AE,193.0,830.0,1800.0,2620.0
2,50,5,AH,200.0,720.0,1500.0,2560.0
2,50,5,AH,200.0,800.0,1400.0,2420.0
2,50,6,AA,194.0,915.0,1280.0,2530.0
2,50,6,AA,206.0,723.0,1196.0,2600.0
2,50,7,AO,192.0,575.0,1073.0,2490.0
2,50,7,AO,200.0,600.0,1100.0,2600.0
2,50,8,UH,202.0,520.0,1210.0,2420.0
2,50,8,UH,212.0,468.0,1275.0,2550.0
2,50,9,UW,207.0,370.0,1000.0,2470.0
2,50,9,UW,205.0,330.0,970.0,2460.0
2,50,10,ER,200.0,560.0,1600.0,1900.0
2,50,10,ER,206.0,514.0,1540.0,1955.0
2,51,1,IY,240.0,380.0,2880.0,3360.0
2,51,1,IY,250.0,380.0,2820.0,3300.0
2,51,2,IH,237.0,473.0,2660.0,2970.0
2,51,3,EH,223.0,567.0,2460.0,3122.0
2,51,3,EH,224.0,521.0,2460.0,2920.0
2,51,4,AE,218.0,808.0,2070.0,2880.0
2,51,5,AH,200.0,800.0,1340.0,2700.0
2,51,6,AA,183.0,843.0,1190.0,2860.0
2,51,6,AA,205.0,740.0,1160.0,2780.0
2,51,7,AO,220.0,594.0,990.0,2640.0
2,51,8,UH,242.0,484.0,900.0,2640.0
2,51,9,UW,233.0,370.0,933.0,2520.0
2,51,9,UW,250.0,325.0,750.0,2500.0
2,51,10,ER,225.0,450.0,1680.0,2050.0
2,52,1,IY,200.0,320.0,2750.0,3100.0
2,52,1,IY,178.0,356.0,2755.0,3200.0
2,52,2,IH,194.0,388.0,2622.0,3050.0
2,52,2,IH,194.0,426.0,2460.0,3040.0
2,52,3,EH,187.0,592.0,2242.0,2765.0
2,52,5,AH,187.0,618.0,1518.0,2700.0
2,52,5,AH,183.0,624.0,1430.0,2660.0
2,52,6,AA,163.0,766.0,1180.0,2340.0
2,52,6,AA,167.0,750.0,1065.0,2640.0
2,52,8,UH,200.0,420.0,1200.0,2600.0
2,52,8,UH,200.0,460.0,1260.0,2640.0
2,52,9,UW,187.0,375.0,1124.0,2685.0
2,52,10,ER,180.0,504.0,1565.0,1835.0
2,52,10,ER,183.0,513.0,1578.0,1830.0
2,53,1,IY,280.0,357.0,2800.0,3360.0
2,53,1,IY,275.0,340.0,2860.0,3350.0
2,53,2,IH,290.0,480.0,2600.0,3060.0
2,53,2,IH,292.0,465.0,2598.0,3060.0
2,53,3,EH,240.0,737.0,2325.0,3100.0
2,53,4,AE,200.0,960.0,2100.0,3000.0
2,53,4,AE,217.0,1030.0,2200.0,3260.0
2,53,5,AH,275.0,920.0,1512.0,2950.0
2,53,5,AH,260.0,910.0,1688.0,3050.0
2,53,6,AA,275.0,990.0,1237.0,2360.0
2,53,6,AA,267.0,987.0,1172.0,3180.0
2,53,7,AO,267.0,587.0,1068.0,3270.0
2,53,7,AO,293.0,560.0,990.0,3150.0
2,53,9,UW,300.0,420.0,1045.0,3060.0
2,53,9,UW,300.0,390.0,960.0,3030.0
2,53,10,ER,230.0,460.0,1860.0,2250.0
2,53,10,ER,214.0,504.0,1820.0,2290.0
2,54,1,IY,200.0,240.0,2760.0,3700.0
2,54,1,IY,220.0,220.0,2850.0,3800.0
2,54,2,IH,228.0,319.0,2500.0,3020.0
2,54,2,IH,216.0,324.0,2500.0,3010.0
2,54,3,EH,220.0,616.0,2380.0,2900.0
2,54,3,EH,212.0,615.0,2300.0,2800.0
2,54,5,AH,221.0,800.0,1520.0,2380.0
2,54,5,AH,210.0,780.0,1470.0,2400.0
2,54,6,AA,199.0,995.0,1392.0,2290.0
2,54,6,AA,200.0,1000.0,1400.0,2440.0
2,54,7,AO,205.0,656.0,944.0,2250.0
2,54,7,AO,200.0,720.0,960.0,2380.0
2,54,8,UH,223.0,335.0,1049.0,2470.0
2,54,8,UH,210.0,420.0,1009.0,2300.0
2,54,9,UW,219.0,329.0,877.0,2550.0
2,54,9,UW,230.0,340.0,900.0,2530.0
2,54,10,ER,206.0,400.0,1380.0,1560.0
2,54,10,ER,201.0,400.0,1240.0,1480.0
2,55,1,IY,220.0,286.0,2800.0,3550.0
2,55,1,IY,241.0,289.0,2800.0,3400.0
2,55,2,IH,225.0,383.0,2420.0,3080.0
2,55,2,IH,240.0,384.0,2400.0,3050.0
2,55,3,EH,230.0,460.0,2300.0,3050.0
2,55,4,AE,187.0,861.0,2100.0,2800.0
2,55,4,AE,224.0,896.0,2040.0,3000.0
2,55,5,AH,218.0,654.0,1160.0,2800.0
2,55,5,AH,230.0,690.0,1195.0,2770.0
2,55,6,AA,208.0,860.0,1103.0,2700.0
2,55,6,AA,212.0,806.0,1060.0,2850.0
2,55,7,AO,202.0,606.0,910.0,2900.0
2,55,7,AO,201.0,583.0,860.0,2840.0
2,55,8,UH,225.0,340.0,900.0,2650.0
2,55,8,UH,235.0,470.0,1100.0,2560.0
2,55,9,UW,205.0,308.0,1025.0,2650.0
2,55,9,UW,235.0,329.0,1151.0,2560.0
2,55,10,ER,213.0,533.0,1425.0,1830.0
2,55,10,ER,214.0,535.0,1412.0,1800.0
2,56,1,IY,236.0,307.0,2670.0,3150.0
2,56,1,IY,245.0,340.0,2700.0,3250.0
2,56,2,IH,231.0,417.0,2300.0,3000.0
2,56,3,EH,224.0,670.0,2300.0,2880.0
2,56,5,AH,225.0,765.0,1300.0,2700.0
2,56,5,AH,221.0,730.0,1390.0,2790.0
2,56,6,AA,212.0,850.0,1270.0,2760.0
2,56,7,AO,222.0,670.0,1040.0,2640.0
2,56,8,UH,251.0,427.0,1506.0,2640.0
2,56,8,UH,240.0,460.0,1370.0,2610.0
2,56,9,UW,236.0,378.0,1416.0,2580.0
2,56,9,UW,239.0,380.0,1430.0,2610.0
2,56,10,ER,230.0,460.0,1200.0,1909.0
2,56,10,ER,225.0,410.0,1580.0,1800.0
2,57,1,IY,256.0,384.0,2860.0,3210.0
2,57,1,IY,250.0,375.0,3000.0,3400.0
2,57,2,IH,230.0,460.0,2665.0,3140.0
2,57,2,IH,233.0,467.0,2680.0,3150.0
2,57,3,EH,229.0,640.0,2400.0,2860.0
2,57,3,EH,233.0,630.0,2530.0,3030.0
2,57,5,AH,234.0,794.0,1447.0,2920.0
2,57,6,AA,227.0,978.0,1362.0,2724.0
2,57,6,AA,233.0,933.0,1350.0,2610.0
2,57,7,AO,240.0,700.0,1080.0,2810.0
2,57,7,AO,240.0,720.0,1090.0,2840.0
2,57,8,UH,243.0,500.0,1215.0,2870.0
2,57,8,UH,239.0,500.0,1240.0,2860.0
2,57,9,UW,263.0,470.0,1000.0,2820.0
2,57,9,UW,272.0,378.0,950.0,2990.0
2,57,10,ER,243.0,480.0,1410.0,1700.0
2,57,10,ER,243.0,493.0,1580.0,1775.0
2,58,1,IY,268.0,320.0,2900.0,3200.0
2,58,1,IY,263.0,290.0,2750.0,3050.0
2,58,4,AE,243.0,950.0,1970.0,2890.0
2,58,4,AE,244.0,980.0,1950.0,2920.0
2,58,5,AH,258.0,770.0,1340.0,2800.0
2,58,7,AO,242.0,530.0,870.0,2680.0
2,58,7,AO,250.0,600.0,900.0,2770.0
2,58,9,UW,258.0,440.0,1290.0,2530.0
2,58,9,UW,269.0,460.0,1080.0,2640.0
2,58,10,ER,250.0,600.0,1500.0,2000.0
2,58,10,ER,254.0,610.0,1520.0,1950.0
2,59,1,IY,234.0,280.0,2690.0,3040.0
2,59,1,IY,261.0,280.0,2740.0,2980.0
2,59,2,IH,260.0,470.0,2500.0,3400.0
2,59,2,IH,262.0,440.0,2480.0,3240.0
2,59,3,EH,242.0,730.0,2300.0,3100.0
2,59,3,EH,260.0,750.0,2340.0,3120.0
2,59,4,AE,233.0,860.0,2070.0,2880.0
2,59,4,AE,240.0,890.0,1920.0,2710.0
2,59,5,AH,257.0,770.0,1540.0,2840.0
2,59,5,AH,257.0,800.0,1410.0,2860.0
2,59,6,AA,240.0,790.0,1250.0,3080.0
2,59,7,AO,234.0,408.0,695.0,3040.0
2,59,7,AO,246.0,420.0,590.0,3100.0
2,59,8,UH,251.0,500.0,1230.0,2520.0
2,59,8,UH,256.0,480.0,1230.0,2750.0
2,59,9,UW,263.0,419.0,1050.0,2850.0
2,59,9,UW,278.0,390.0,1060.0,2800.0
2,59,10,ER,220.0,420.0,1720.0,1900.0
2,59,10,ER,255.0,510.0,1680.0,1890.0
2,60,1,IY,208.0,270.0,2820.0,3450.0
2,60,1,IY,225.0,250.0,2880.0,3350.0
2,60,2,IH,220.0,370.0,2530.0,3060.0
2,60,2,IH,250.0,400.0,2600.0,3120.0
2,60,3,EH,214.0,640.0,2360.0,3020.0
2,60,3,EH,219.0,650.0,2430.0,3040.0
2,60,4,AE,205.0,900.0,2090.0,3000.0
2,60,4,AE,200.0,860.0,2160.0,2870.0
2,60,5,AH,214.0,750.0,1540.0,2800.0
2,60,5,AH,214.0,770.0,1530.0,2780.0
2,60,6,AA,195.0,920.0,1350.0,2550.0
2,60,7,AO,194.0,720.0,1110.0,2420.0
2,60,7,AO,200.0,700.0,1100.0,2780.0
2,60,8,UH,222.0,470.0,1200.0,2900.0
2,60,8,UH,237.0,470.0,1190.0,2800.0
2,60,9,UW,240.0,380.0,980.0,3100.0
2,60,9,UW,188.0,340.0,920.0,3050.0
2,60,10,ER,222.0,530.0,1670.0,2050.0
2,60,10,ER,200.0,500.0,1720.0,1900.0
2,61,1,IY,258.0,310.0,2740.0,3200.0
2,61,1,IY,262.0,262.0,2680.0,3170.0
2,61,2,IH,262.0,450.0,2310.0,3020.0
2,61,2,IH,263.0,472.0,2270.0,2950.0
2,61,4,AE,194.0,810.0,1860.0,2620.0
2,61,4,AE,234.0,890.0,1800.0,2700.0
2,61,7,AO,240.0,600.0,850.0,2760.0
2,61,7,AO,253.0,455.0,810.0,2750.0
2,61,8,UH,282.0,400.0,1070.0,2530.0
2,61,8,UH,250.0,450.0,1050.0,2450.0
2,61,9,UW,260.0,290.0,670.0,2380.0
2,61,9,UW,275.0,330.0,630.0,2460.0
2,61,10,ER,240.0,500.0,1630.0,2040.0
2,61,10,ER,243.0,490.0,1580.0,2190.0
3,62,1,IY,228.0,460.0,3300.0,3950.0
3,62,1,IY,200.0,400.0,3400.0,3850.0
3,62,4,AE,200.0,1000.0,2300.0,3900.0
3,62,5,AH,223.0,1110.0,1690.0,4040.0
3,62,7,AO,219.0,660.0,1100.0,3850.0
3,62,8,UH,220.0,620.0,1410.0,3520.0
3,62,9,UW,233.0,440.0,900.0,3900.0
3,62,9,UW,200.0,400.0,650.0,3800.0
3,62,10,ER,210.0,610.0,2300.0,2900.0
3,62,10,ER,200.0,450.0,2150.0,2550.0
3,63,1,IY,290.0,320.0,3500.0,4260.0
3,63,1,IY,305.0,350.0,3400.0,4100.0
3,63,2,IH,322.0,640.0,3200.0,3660.0
3,63,2,IH,325.0,650.0,3000.0,3800.0
3,63,3,EH,270.0,850.0,2900.0,3680.0
3,63,4,AE,256.0,1130.0,2560.0,3500.0
3,63,4,AE,285.0,1140.0,2000.0,3560.0
3,63,5,AH,310.0,1130.0,1740.0,3670.0
3,63,5,AH,300.0,1000.0,1800.0,3450.0
3,63,8,UH,285.0,560.0,1440.0,3500.0
3,63,8,UH,294.0,570.0,1450.0,3500.0
3,63,9,UW,333.0,350.0,1280.0,3650.0
3,63,9,UW,290.0,340.0,1160.0,2950.0
3,63,10,ER,302.0,600.0,1800.0,2200.0
3,64,1,IY,240.0,380.0,3140.0,3700.0
3,64,1,IY,258.0,310.0,3350.0,3650.0
3,64,2,IH,250.0,500.0,2660.0,3500.0
3,64,5,AH,250.0,880.0,1500.0,3200.0
3,64,5,AH,243.0,850.0,1700.0,3250.0
3,64,6,AA,250.0,940.0,1380.0,2400.0
3,64,6,AA,276.0,1200.0,1500.0,3160.0
3,64,7,AO,250.0,750.0,1250.0,3450.0
3,64,7,AO,225.0,675.0,950.0,3240.0
3,64,8,UH,300.0,610.0,1500.0,3300.0
3,64,8,UH,275.0,500.0,1370.0,3500.0
3,64,9,UW,256.0,300.0,1280.0,3150.0
3,64,9,UW,250.0,400.0,1300.0,3700.0
3,64,10,ER,250.0,500.0,1540.0,1700.0
3,64,10,ER,242.0,580.0,1620.0,1790.0
3,65,1,IY,291.0,410.0,3200.0,3800.0
3,65,1,IY,264.0,420.0,3400.0,3900.0
3,65,4,AE,270.0,1080.0,2480.0,3950.0
3,65,4,AE,245.0,1050.0,2420.0,4000.0
3,65,6,AA,250.0,1100.0,1460.0,4250.0
3,65,8,UH,278.0,640.0,1350.0,3950.0
3,65,9,UW,300.0,420.0,1110.0,3640.0
3,65,9,UW,280.0,505.0,1050.0,3400.0
3,65,10,ER,320.0,640.0,1940.0,2820.0
3,65,10,ER,265.0,610.0,2100.0,2600.0
3,66,1,IY,330.0,460.0,2800.0,3550.0
3,66,1,IY,333.0,490.0,2730.0,3550.0
3,66,4,AE,282.0,950.0,2150.0,3650.0
3,66,4,AE,310.0,1000.0,2150.0,3700.0
3,66,5,AH,293.0,880.0,1700.0,3750.0
3,66,5,AH,340.0,900.0,1600.0,3650.0
3,66,6,AA,280.0,1050.0,1320.0,3730.0
3,66,8,UH,322.0,550.0,1195.0,3750.0
3,66,8,UH,350.0,550.0,1340.0,3500.0
3,66,9,UW,345.0,550.0,1100.0,3470.0
3,66,10,ER,310.0,805.0,1705.0,2420.0
3,66,10,ER,310.0,710.0,1700.0,2400.0
3,67,1,IY,210.0,340.0,3400.0,4320.0
3,67,1,IY,227.0,590.0,3610.0,4220.0
3,67,2,IH,235.0,680.0,3250.0,4380.0
3,67,3,EH,212.0,660.0,2900.0,3610.0
3,67,4,AE,214.0,1240.0,2700.0,3640.0
3,67,4,AE,215.0,1050.0,2550.0,3550.0
3,67,5,AH,216.0,820.0,1470.0,3500.0
3,67,6,AA,218.0,1090.0,1380.0,3050.0
3,67,7,AO,211.0,800.0,1220.0,3700.0
3,67,7,AO,214.0,640.0,1070.0,3000.0
3,67,8,UH,219.0,660.0,1360.0,3700.0
3,67,8,UH,214.0,730.0,1500.0,3600.0
3,67,9,UW,220.0,620.0,1100.0,3250.0
3,67,9,UW,216.0,600.0,1280.0,3650.0
3,67,10,ER,222.0,670.0,2130.0,2360.0
3,67,10,ER,205.0,760.0,2240.0,2460.0
3,68,1,IY,253.0,330.0,3250.0,3720.0
3,68,1,IY,262.0,340.0,3100.0,3400.0
3,68,4,AE,233.0,1140.0,2260.0,3640.0
3,68,4,AE,245.0,1110.0,2230.0,3380.0
3,68,5,AH,256.0,770.0,1540.0,3500.0
3,68,5,AH,257.0,800.0,1490.0,3300.0
3,68,6,AA,240.0,940.0,1400.0,3400.0
3,68,7,AO,240.0,530.0,860.0,3400.0
3,68,7,AO,240.0,520.0,910.0,3420.0
3,68,8,UH,255.0,510.0,1250.0,3320.0
3,68,8,UH,260.0,520.0,1140.0,3320.0
3,68,9,UW,274.0,360.0,660.0,3050.0
3,68,9,UW,260.0,310.0,730.0,3500.0
3,68,10,ER,250.0,550.0,1500.0,1800.0
3,68,10,ER,239.0,480.0,1650.0,1960.0
3,69,1,IY,250.0,300.0,2950.0,3600.0
3,69,1,IY,270.0,320.0,3210.0,3600.0
3,69,2,IH,290.0,550.0,2610.0,3560.0
3,69,3,EH,280.0,700.0,2500.0,3580.0
3,69,3,EH,263.0,600.0,2360.0,3400.0
3,69,4,AE,260.0,970.0,2400.0,3200.0
3,69,4,AE,250.0,950.0,2270.0,3200.0
3,69,5,AH,270.0,780.0,1650.0,3350.0
3,69,7,AO,250.0,750.0,1000.0,2500.0
3,69,8,UH,275.0,540.0,1430.0,3320.0
3,69,8,UH,263.0,530.0,1580.0,3200.0
3,69,9,UW,295.0,420.0,1500.0,3010.0
3,69,9,UW,260.0,450.0,1330.0,2840.0
3,69,10,ER,272.0,570.0,1880.0,2400.0
3,69,10,ER,255.0,510.0,1610.0,1910.0
3,70,1,IY,235.0,280.0,2820.0,3400.0
3,70,1,IY,244.0,317.0,3125.0,3500.0
3,70,2,IH,230.0,460.0,2520.0,3300.0
3,70,2,IH,212.0,420.0,2480.0,3140.0
3,70,3,EH,235.0,657.0,2300.0,3300.0
3,70,3,EH,232.0,672.0,2275.0,3300.0
3,70,4,AE,231.0,808.0,1950.0,3300.0
3,70,4,AE,225.0,870.0,2000.0,3200.0
3,70,5,AH,236.0,706.0,1410.0,3200.0
3,70,5,AH,211.0,720.0,1480.0,2880.0
3,70,7,AO,203.0,700.0,1120.0,3070.0
3,70,7,AO,230.0,690.0,920.0,2760.0
3,70,8,UH,250.0,475.0,1250.0,3150.0
3,70,8,UH,212.0,460.0,1210.0,2750.0
3,70,9,UW,244.0,403.0,1100.0,2950.0
3,70,9,UW,242.0,363.0,920.0,2900.0
3,70,10,ER,226.0,452.0,1580.0,1810.0
3,70,10,ER,232.0,510.0,1550.0,1740.0
3,71,1,IY,230.0,280.0,3140.0,3830.0
3,71,1,IY,250.0,300.0,3400.0,3950.0
3,71,3,EH,215.0,580.0,2650.0,3550.0
3,71,4,AE,240.0,910.0,2370.0,3160.0
3,71,4,AE,233.0,930.0,2350.0,3450.0
3,71,5,AH,250.0,770.0,1650.0,3420.0
3,71,5,AH,230.0,690.0,1600.0,3350.0
3,71,7,AO,232.0,670.0,1160.0,3550.0
3,71,7,AO,225.0,720.0,1260.0,3400.0
3,71,8,UH,216.0,500.0,1640.0,3580.0
3,71,8,UH,250.0,450.0,1440.0,3500.0
3,71,9,UW,290.0,350.0,1160.0,3260.0
3,71,9,UW,273.0,330.0,1090.0,3350.0
3,71,10,ER,240.0,430.0,1800.0,2400.0
3,71,10,ER,233.0,470.0,1840.0,2400.0
3,72,1,IY,275.0,330.0,3050.0,3800.0
3,72,1,IY,286.0,340.0,2860.0,3610.0
3,72,2,IH,280.0,500.0,2720.0,3360.0
3,72,2,IH,230.0,600.0,2750.0,3550.0
3,72,3,EH,245.0,735.0,2450.0,3300.0
3,72,3,EH,258.0,780.0,2560.0,3300.0
3,72,4,AE,235.0,940.0,2020.0,2580.0
3,72,4,AE,232.0,1070.0,2320.0,2900.0
3,72,5,AH,268.0,860.0,1530.0,3100.0
3,72,5,AH,256.0,970.0,1500.0,3050.0
3,72,8,UH,260.0,490.0,1460.0,2860.0
3,72,8,UH,286.0,570.0,1320.0,2840.0
3,72,9,UW,275.0,470.0,1400.0,2800.0
3,72,9,UW,286.0,370.0,1160.0,2800.0
3,72,10,ER,268.0,510.0,1660.0,2100.0
3,72,10,ER,250.0,480.0,1700.0,1830.0
3,73,1,IY,295.0,380.0,3200.0,4000.0
3,73,1,IY,267.0,350.0,3250.0,3700.0
3,73,2,IH,294.0,380.0,2960.0,3800.0
3,73,2,IH,300.0,520.0,2900.0,3600.0
3,73,3,EH,280.0,670.0,2790.0,3600.0
3,73,4,AE,262.0,1070.0,2380.0,3100.0
3,73,4,AE,275.0,1130.0,2320.0,3110.0
3,73,5,AH,270.0,725.0,1570.0,2900.0
3,73,6,AA,278.0,1110.0,1630.0,2780.0
3,73,6,AA,280.0,1130.0,1400.0,3000.0
3,73,7,AO,270.0,540.0,1070.0,3000.0
3,73,8,UH,300.0,450.0,1350.0,3000.0
3,73,8,UH,320.0,520.0,1600.0,3150.0
3,73,9,UW,307.0,460.0,1460.0,3070.0
3,73,9,UW,300.0,400.0,1700.0,3000.0
3,73,10,ER,300.0,540.0,1770.0,2040.0
3,73,10,ER,286.0,540.0,2050.0,2300.0
3,74,1,IY,300.0,300.0,3250.0,3850.0
3,74,1,IY,275.0,275.0,3280.0,3800.0
3,74,2,IH,286.0,570.0,2850.0,3400.0
3,74,2,IH,267.0,485.0,2630.0,3450.0
3,74,3,EH,264.0,650.0,2880.0,3500.0
3,74,3,EH,284.0,570.0,2900.0,3600.0
3,74,4,AE,260.0,1300.0,2280.0,3130.0
3,74,4,AE,260.0,1300.0,2160.0,3300.0
3,74,5,AH,275.0,850.0,1540.0,3020.0
3,74,5,AH,262.0,840.0,1580.0,2880.0
3,74,6,AA,250.0,1230.0,1300.0,3200.0
3,74,6,AA,286.0,1090.0,1230.0,2980.0
3,74,7,AO,265.0,850.0,850.0,2920.0
3,74,8,UH,283.0,540.0,1420.0,3050.0
3,74,8,UH,300.0,600.0,1440.0,2900.0
3,74,9,UW,280.0,390.0,1340.0,2830.0
3,74,9,UW,284.0,340.0,1110.0,3080.0
3,74,10,ER,280.0,530.0,1650.0,1740.0
3,74,10,ER,286.0,550.0,1660.0,1770.0
3,75,1,IY,265.0,370.0,2950.0,3400.0
3,75,1,IY,290.0,370.0,2910.0,3480.0
3,75,2,IH,271.0,515.0,2740.0,3280.0
3,75,2,IH,290.0,485.0,2600.0,3200.0
3,75,3,EH,262.0,630.0,2520.0,3150.0
3,75,3,EH,272.0,565.0,2440.0,3120.0
3,75,4,AE,262.0,970.0,2030.0,2880.0
3,75,4,AE,275.0,915.0,2130.0,2900.0
3,75,5,AH,270.0,810.0,1600.0,3230.0
3,75,6,AA,275.0,1000.0,1360.0,3000.0
3,75,8,UH,295.0,570.0,1500.0,3000.0
3,75,9,UW,283.0,510.0,1700.0,3020.0
3,75,10,ER,261.0,522.0,1830.0,2350.0
3,75,10,ER,282.0,530.0,1800.0,2250.0
3,76,1,IY,320.0,350.0,3240.0,3760.0
3,76,1,IY,344.0,344.0,3120.0,3640.0
3,76,2,IH,308.0,590.0,2760.0,3500.0
3,76,2,IH,320.0,540.0,2900.0,3500.0
3,76,3,EH,307.0,830.0,2750.0,3650.0
3,76,3,EH,308.0,800.0,2640.0,3540.0
3,76,4,AE,294.0,1140.0,2450.0,3230.0
3,76,4,AE,239.0,1130.0,2550.0,3150.0
3,76,5,AH,310.0,930.0,1540.0,3120.0
3,76,5,AH,315.0,950.0,1670.0,3150.0
3,76,6,AA,350.0,1190.0,1470.0,3150.0
3,76,7,AO,300.0,910.0,1200.0,3180.0
3,76,7,AO,330.0,830.0,1250.0,3250.0
3,76,8,UH,327.0,630.0,1310.0,3270.0
3,76,8,UH,322.0,610.0,1550.0,3400.0
3,76,9,UW,345.0,520.0,1250.0,3460.0
3,76,9,UW,334.0,500.0,1140.0,3380.0
3,76,10,ER,308.0,740.0,1850.0,2160.0
3,76,10,ER,328.0,660.0,1830.0,2200.0
